{"cameraMode":{"drawMode":0,"name":"Shaded","section":"Shading Mode"},"sceneLighting":true,"audioPlay":false,"sceneViewState":{"m_AlwaysRefresh":false,"showFog":true,"showSkybox":true,"showFlares":true,"showImageEffects":true,"showParticleSystems":true,"showVisualEffectGraphs":true,"m_FxEnabled":true},"in2DMode":false,"pivot":{"x":19.73126220703125,"y":28.326316833496095,"z":-10.206260681152344},"rotation":{"x":0.1907873898744583,"y":0.7656986117362976,"z":-0.26369327306747439,"w":0.5548757910728455},"size":10.449999809265137,"orthographic":false}