{"cameraMode":{"drawMode":0,"name":"Shaded","section":"Shading Mode"},"sceneLighting":true,"audioPlay":false,"sceneViewState":{"m_AlwaysRefresh":false,"showFog":true,"showSkybox":true,"showFlares":true,"showImageEffects":true,"showParticleSystems":true,"showVisualEffectGraphs":true,"m_FxEnabled":true},"in2DMode":false,"pivot":{"x":2.9333176612854006,"y":1.2772128582000733,"z":-482.90509033203127},"rotation":{"x":0.17898213863372804,"y":0.022376712411642076,"z":-0.004308225587010384,"w":0.9836466908454895},"size":6.473620891571045,"orthographic":false}